date_msk	people	topic
2026-10-09	Пелагея; Иван Телегин	причина развода (интервью Лауре Джугелии)
2026-10-09	Маргарита Суханкина; Андрей Литягин; группа «Мираж»	суд: 16,6 млн ₽ за исполнение песен
2026-10-09	Клава Кока; Виктор Дробыш; Дора	Кока назвала Дробыша абьюзером, ответ «Это хайп стопроцентный»
2026-10-09	Лерчек (Валерия Чекалина)	пропажа изъятых часов и браслета на 14,4 млн ₽, дело против следователя
2026-10-09	Сарик Андреасян; Николай Картозия	суд на 1 рубль, благотворительность
2026-10-09	Юрий Лоза; Канье Уэст	Лоза о Канье Уэсте после отмены концертов
2026-10-09	Игорь Андреев; Ясмин Андреева; «Ленком»	ушли из театра из-за блога
2026-10-09	Надежда Сысоева; Виктория Боня	обвинение в травле
2026-10-09	Елена Блиновская	лишилась двух московских квартир
2026-10-09	Клава Кока	иск о долгах за коммуналку
2026-10-09	Наталья Водянова	кредиты на 1,3 млрд ₽ ради особняка во Франции
2026-10-09	Яна Рудковская; Zivert	Рудковская вступилась за Zivert после критики номера Thriller
2026-10-09	Канье Уэст; зритель из Воронежа	иск по отменённым концертам, вернули 132 тыс. ₽
2026-10-09	Сергей Жуков; Алексей Потехин; «Руки Вверх!»; «Джем»	суд о правах на семь хитов
2026-10-09	Миа Гот; Шайа Лабаф	Миа Гот подала на развод
2026-10-10	Надежда Сысоева; Марина Федункив; Comedy Woman	Сысоева о драке на гастролях во Владивостоке, ответ Федункив из интервью
2026-10-10	Аскольд Запашный; Оксана Самойлова	Запашный раскритиковал интервью Самойловой Собчак («Звёзды сошлись»)
2026-10-10	Сергей Лазарев; Владимир Коробка; Вероника Новикова; «Ну-ка, все вместе!»	Лазарев в эфире: педагог не вправе судить своего ученика, «своих пропихивают»
2026-10-10	Влад Валов; Тимати; Black Star	Валов в интервью СтарХит: Тимати «совсем не рэпер», Black Star — мыльный пузырь
2026-10-10	Марина Федункив; Надежда Сысоева	Новые подробности: ответ Федункив (СтарХит) — удар в живот назвала выдумкой, «Пускай хайпится»
